{"alpha": 0.9418343342153211, "Theta": [[0.3069090920103871, 0.15384664650826582, 0.21264539849837044], [0.18300264625757112, 0.22993804382002472, 0.2673676255142654], [0.26856709375507587, 0.288589445741073, 0.17608491121489214], [0.2415211679769666, 0.3276258639306367, 0.34390206477247204]], "ThetaB": [0.2393604995562739, 0.09319513097636956, 0.3117992130265849, 0.3556451564407727]}